{
  "version": 1,
  "author": "Anonymous maker",
  "editor": "wokwi",
  "parts": [
    { "type": "board-esp32-devkit-c-v4", "id": "esp", "top": 0, "left": 0, "attrs": {} },
    {
      "type": "wokwi-pushbutton",
      "id": "btn1",
      "top": -22.6,
      "left": 172.8,
      "attrs": { "color": "green", "xray": "1" }
    },
    {
      "type": "wokwi-hc-sr04",
      "id": "ultrasonic1",
      "top": -56.1,
      "left": -196.1,
      "attrs": { "distance": "186" }
    },
    {
      "type": "wokwi-resistor",
      "id": "r1",
      "top": 80.75,
      "left": -76.8,
      "attrs": { "value": "1000" }
    },
    {
      "type": "wokwi-resistor",
      "id": "r2",
      "top": 167.15,
      "left": -67.2,
      "attrs": { "value": "1000" }
    },
    { "type": "wokwi-potentiometer", "id": "pot1", "top": 94.7, "left": 134.2, "attrs": {} }
  ],
  "connections": [
    [ "esp:TX", "$serialMonitor:RX", "", [] ],
    [ "esp:RX", "$serialMonitor:TX", "", [] ],
    [ "ultrasonic1:GND", "esp:GND.1", "black", [ "v0" ] ],
    [ "ultrasonic1:TRIG", "esp:26", "green", [ "v0" ] ],
    [ "ultrasonic1:VCC", "esp:5V", "red", [ "v0" ] ],
    [ "ultrasonic1:ECHO", "r1:1", "green", [ "v0" ] ],
    [ "r1:2", "esp:32", "green", [ "v0" ] ],
    [ "r1:1", "r2:1", "green", [ "v0" ] ],
    [ "r2:2", "esp:GND.1", "green", [ "v0" ] ],
    [ "btn1:2.l", "esp:GND.2", "green", [ "h0" ] ],
    [ "btn1:1.l", "esp:22", "green", [ "h0" ] ],
    [ "pot1:GND", "esp:GND.1", "black", [ "v0" ] ],
    [ "pot1:VCC", "esp:3V3", "red", [ "v0" ] ],
    [ "pot1:SIG", "esp:34", "green", [ "v0" ] ]
  ],
  "dependencies": {}
}